Source Airport,Destination Airport,Departure Date,Return Date,Adults,Class of Service
BLR,BOM,2024-12-25,2024-12-31,1,ECONOMY
DEL,PAT,2024-12-23,2024-12-24,1,ECONOMY
PNQ,JAI,2024-12-23,2024-12-31,1,ECONOMY
PNQ,JAI,2024-12-23,2024-12-31,1,ECONOMY
PNQ,JAI,2024-12-23,2024-12-31,1,ECONOMY
PNQ,JAI,2024-12-23,2024-12-31,1,ECONOMY
DEL,JAI,2024-12-23,2024-12-25,1,ECONOMY
HYD,PNQ,2024-12-25,2024-12-30,1,ECONOMY
DEL,HYD,2024-12-23,2024-12-31,1,ECONOMY
DEL,CCU,2024-12-23,2024-12-31,1,ECONOMY
DEL,CCU,2024-12-23,2024-12-31,1,ECONOMY
CCU,HYD,2024-12-30,2025-01-29,1,ECONOMY
DEL,PNQ,2024-12-24,2024-12-29,1,ECONOMY
BLR,PNQ,2024-12-25,2024-12-31,1,ECONOMY
BLR,DEL,2024-12-23,2024-12-31,1,ECONOMY
BLR,HYD,2024-12-31,2025-01-23,1,ECONOMY
DEL,BLR,2024-12-25,2024-12-31,1,ECONOMY
BLR,DEL,2024-12-26,2024-12-31,1,ECONOMY
DEL,PNQ,2024-12-23,2024-12-31,1,ECONOMY
BLR,DEL,2024-12-30,2025-01-09,1,ECONOMY
BLR,DEL,2024-12-24,2024-12-31,1,ECONOMY
BLR,HYD,2024-12-25,2024-12-30,1,ECONOMY
BLR,HYD,2024-12-24,2024-12-30,1,ECONOMY
BLR,HYD,2024-12-24,2024-12-27,1,ECONOMY
BLR,HYD,2024-12-23,2024-12-31,1,ECONOMY
DEL,BLR,2024-12-23,2024-12-30,1,ECONOMY
DEL,BLR,2024-12-23,2025-01-29,1,ECONOMY
DEL,BLR,2024-12-23,2024-12-31,1,ECONOMY
DEL,BLR,2024-12-23,2024-12-25,1,ECONOMY
DEL,BLR,2024-12-24,2024-12-31,1,ECONOMY
DEL,BLR,2024-12-30,2025-01-15,1,ECONOMY
DEL,BLR,2024-12-23,2024-12-25,1,ECONOMY
DEL,BLR,2024-12-23,2024-12-24,1,ECONOMY
BLR,HYD,2024-12-26,2024-12-31,1,ECONOMY
DEL,HYD,2024-12-23,2024-12-30,1,ECONOMY
DEL,HYD,2024-12-23,2024-12-30,1,ECONOMY
DEL,HYD,2024-12-23,2024-12-30,1,ECONOMY
DEL,BLR,2024-12-24,2024-12-30,1,ECONOMY
DEL,BLR,2024-12-22,2024-12-31,1,ECONOMY
DEL ,CCU,2024-12-23,2024-12-31,1,ECONOMY
DEL,BOM,2024-12-23,2024-12-30,1,ECONOMY
DEL,BLR,2024-12-23,2024-12-31,1,ECONOMY
DEL,BOM,2024-12-24,2024-12-30,1,ECONOMY
DEL,CCU,2024-12-24,2024-12-31,1,ECONOMY
DEL,HYD,2024-12-26,2024-12-31,1,ECONOMY
BLR,HYD,2024-12-25,2024-12-31,1,ECONOMY
BLR,PNQ,2024-12-22,2024-12-24,1,ECONOMY
DEL,CCU,2024-12-22,2024-12-30,1,ECONOMY
DEL,BLR,2024-12-26,2024-12-31,1,ECONOMY
BLR,DXB,2024-12-23,2024-12-31,1,ECONOMY
BLR,BOM,2024-12-24,2024-12-31,1,ECONOMY
BLR,HYD,2025-01-15,2025-01-24,1,ECONOMY
DEL,BLR,2024-12-25,2024-12-29,1,ECONOMY
PAT,DEL,2024-12-25,2024-12-31,1,ECONOMY
CCU,PNQ,2024-12-31,2025-01-15,1,ECONOMY
HYD,BLR,2024-12-31,2025-01-09,1,ECONOMY
HYD,CCU,2024-12-25,2025-01-15,1,ECONOMY
DEL,BOM,2024-12-25,2024-12-30,1,ECONOMY
COK,JAI,2024-12-25,2024-12-30,1,ECONOMY
CCU,BOM,2024-12-26,2024-12-31,1,ECONOMY
DXB,DEL,2024-12-24,2024-12-30,1,ECONOMY
BLR,DEL,2024-12-26,2024-12-31,1,FIRST
PAT,DEL,2024-12-26,2024-12-31,1,ECONOMY
N/A,N/A,N/A,,N/A,N/A
BLR,CCU,2024-12-24,2024-12-31,1,ECONOMY
BLR,DEL,2024-12-21,2024-12-25,1,ECONOMY
BLR,DEL,2024-12-26,,1,ECONOMY
BLR,DXB,2024-12-27,2025-01-14,2,BUSINESS
BLR,BOM,2024-12-25,2024-12-31,1,ECONOMY
N/A,N/A,N/A,,N/A,N/A
N/A,N/A,N/A,,N/A,N/A
N/A,N/A,N/A,,N/A,N/A
N/A,N/A,N/A,,N/A,N/A
CCU,DEL,2024-12-21,2024-12-24,1,ECONOMY
BLR,CCU,2024-12-28,2025-01-16,1,ECONOMY
DEL,CCU,2024-12-21,2024-12-25,1,ECONOMY
BLR,DEL,2025-01-22,2025-02-14,1,ECONOMY
DEL,PNQ,2024-12-26,2024-12-31,1,ECONOMY
BLR,LAX,2024-12-26,2025-01-15,4,BUSINESS
BLR,PAT,2024-12-25,2024-12-30,1,ECONOMY
PAT,BLR,2024-12-27,2025-01-15,1,ECONOMY
IST,BOM,2024-12-21,2025-01-16,1,ECONOMY
BLR,IST,2024-12-25,2025-01-21,1,BUSINESS
DEL,IST,2024-12-26,2025-01-16,1,ECONOMY
BLR,CAI,2024-12-28,2025-01-16,1,ECONOMY
BOM,DXB,2024-12-21,2025-01-08,1,ECONOMY
DEL,SVO,2024-12-28,2025-01-09,1,ECONOMY
BLR,DEL,2024-12-27,2025-01-15,1,ECONOMY
DEL,IST,2024-12-24,2025-01-20,1,ECONOMY
CAI,BOM,2024-12-31,2025-01-15,1,ECONOMY
CAI,BOM,2024-12-28,2025-01-21,1,ECONOMY
DEL,BOM,2024-12-28,2025-01-15,1,ECONOMY
CAI,BOM,2024-12-28,2025-01-23,1,ECONOMY
BLR,DEL,2024-12-21,2024-12-25,1,ECONOMY
BLR,DEL,2024-12-28,2024-12-30,1,ECONOMY
BLR,BOM,2024-12-28,2025-01-13,1,ECONOMY
BLR,CAI,2024-12-27,2025-01-22,1,ECONOMY
BOM,BLR,2024-12-28,2025-01-15,1,ECONOMY
BLR,DEL,2024-12-28,2025-01-17,1,ECONOMY
CIA,DEL,2024-12-28,2025-01-23,1,ECONOMY
CIA,DEL,2025-01-29,,1,ECONOMY
BLR,BOM,2025-01-15,2025-01-30,1,ECONOMY
BLR,BOM,2024-12-21,2025-01-07,1,ECONOMY
DEL,BOM,2024-12-20,2024-12-25,1,ECONOMY
BLR,DEL,2024-12-27,2025-01-14,1,ECONOMY
